codonmino acid,frequency,position
ATG,1.8,"['0-2', '35-37', '135-137', '159-161']"
1.8,"['0-2', '35-37', '135-137', '159-161']",GCT
"['0-2', '35-37', '135-137', '159-161']",GCT,2.7
GCT,2.7,"['1-3', '72-74', '78-80', '98-100', '124-126', '172-174']"
2.7,"['1-3', '72-74', '78-80', '98-100', '124-126', '172-174']",GAT
"['1-3', '72-74', '78-80', '98-100', '124-126', '172-174']",GAT,4.05
GAT,4.05,"['2-4', '31-33', '62-64', '64-66', '106-108', '146-148', '174-176', '179-181', '204-206']"
4.05,"['2-4', '31-33', '62-64', '64-66', '106-108', '146-148', '174-176', '179-181', '204-206']",TAA
"['2-4', '31-33', '62-64', '64-66', '106-108', '146-148', '174-176', '179-181', '204-206']",TAA,2.25
TAA,2.25,"['3-5', '46-48', '105-107', '121-123', '125-127']"
2.25,"['3-5', '46-48', '105-107', '121-123', '125-127']",TTG
"['3-5', '46-48', '105-107', '121-123', '125-127']",TTG,3.15
TTG,3.15,"['4-6', '18-20', '54-56', '57-59', '114-116', '170-172', '207-209']"
3.15,"['4-6', '18-20', '54-56', '57-59', '114-116', '170-172', '207-209']",ACA
"['4-6', '18-20', '54-56', '57-59', '114-116', '170-172', '207-209']",ACA,1.8
ACA,1.8,"['5-7', '90-92', '157-159', '162-164']"
1.8,"['5-7', '90-92', '157-159', '162-164']",TTA
"['5-7', '90-92', '157-159', '162-164']",TTA,2.7
TTA,2.7,"['6-8', '27-29', '77-79', '87-89', '181-183', '212-214']"
2.7,"['6-8', '27-29', '77-79', '87-89', '181-183', '212-214']",GGA
"['6-8', '27-29', '77-79', '87-89', '181-183', '212-214']",GGA,1.8
GGA,1.8,"['7-9', '10-12', '63-65', '147-149']"
1.8,"['7-9', '10-12', '63-65', '147-149']",TAC
"['7-9', '10-12', '63-65', '147-149']",TAC,4.05
TAC,4.05,"['8-10', '24-26', '34-36', '59-61', '74-76', '76-78', '112-114', '129-131', '158-160']"
4.05,"['8-10', '24-26', '34-36', '59-61', '74-76', '76-78', '112-114', '129-131', '158-160']",TGG
"['8-10', '24-26', '34-36', '59-61', '74-76', '76-78', '112-114', '129-131', '158-160']",TGG,2.7
TGG,2.7,"['9-11', '40-42', '66-68', '136-138', '150-152', '219-221']"
2.7,"['9-11', '40-42', '66-68', '136-138', '150-152', '219-221']",ATC
"['9-11', '40-42', '66-68', '136-138', '150-152', '219-221']",ATC,0.9
ATC,0.9,"['11-13', '197-199']"
0.9,"['11-13', '197-199']",AGA
"['11-13', '197-199']",AGA,2.7
AGA,2.7,"['12-14', '33-35', '101-103', '209-211', '216-218', '218-220']"
2.7,"['12-14', '33-35', '101-103', '209-211', '216-218', '218-220']",GGT
"['12-14', '33-35', '101-103', '209-211', '216-218', '218-220']",GGT,1.35
GGT,1.35,"['13-15', '26-28', '153-155']"
1.35,"['13-15', '26-28', '153-155']",CTA
"['13-15', '26-28', '153-155']",CTA,1.8
CTA,1.8,"['14-16', '49-51', '138-140', '141-143']"
1.8,"['14-16', '49-51', '138-140', '141-143']",GGG
"['14-16', '49-51', '138-140', '141-143']",GGG,1.8
GGG,1.8,"['15-17', '42-44', '88-90', '102-104']"
1.8,"['15-17', '42-44', '88-90', '102-104']",TAG
"['15-17', '42-44', '88-90', '102-104']",TAG,2.25
TAG,2.25,"['16-18', '30-32', '94-96', '99-101', '123-125']"
2.25,"['16-18', '30-32', '94-96', '99-101', '123-125']",CCT
"['16-18', '30-32', '94-96', '99-101', '123-125']",CCT,3.15
CCT,3.15,"['17-19', '28-30', '47-49', '48-50', '91-93', '213-215', '214-216']"
3.15,"['17-19', '28-30', '47-49', '48-50', '91-93', '213-215', '214-216']",CGA
"['17-19', '28-30', '47-49', '48-50', '91-93', '213-215', '214-216']",CGA,0.45
CGA,0.45,['19-21']
0.45,['19-21'],TAT
['19-21'],TAT,3.6
TAT,3.6,"['20-22', '21-23', '29-31', '122-124', '164-166', '173-175', '200-202', '220-222']"
3.6,"['20-22', '21-23', '29-31', '122-124', '164-166', '173-175', '200-202', '220-222']",CTT
"['20-22', '21-23', '29-31', '122-124', '164-166', '173-175', '200-202', '220-222']",CTT,3.15
CTT,3.15,"['22-24', '25-27', '115-117', '117-119', '137-139', '145-147', '194-196']"
3.15,"['22-24', '25-27', '115-117', '117-119', '137-139', '145-147', '194-196']",GAA
"['22-24', '25-27', '115-117', '117-119', '137-139', '145-147', '194-196']",GAA,7.21
GAA,7.21,"['23-25', '38-40', '39-41', '43-45', '69-71', '92-94', '93-95', '119-121', '120-122', '133-135', '139-141', '165-167', '168-170', '176-178', '189-191', '199-201']"
7.21,"['23-25', '38-40', '39-41', '43-45', '69-71', '92-94', '93-95', '119-121', '120-122', '133-135', '139-141', '165-167', '168-170', '176-178', '189-191', '199-201']",AAA
"['23-25', '38-40', '39-41', '43-45', '69-71', '92-94', '93-95', '119-121', '120-122', '133-135', '139-141', '165-167', '168-170', '176-178', '189-191', '199-201']",AAA,3.6
AAA,3.6,"['32-34', '80-82', '109-111', '126-128', '131-133', '186-188', '196-198', '205-207']"
3.6,"['32-34', '80-82', '109-111', '126-128', '131-133', '186-188', '196-198', '205-207']",TCA
"['32-34', '80-82', '109-111', '126-128', '131-133', '186-188', '196-198', '205-207']",TCA,1.35
TCA,1.35,"['36-38', '113-115', '203-205']"
1.35,"['36-38', '113-115', '203-205']",CCA
"['36-38', '113-115', '203-205']",CCA,2.7
CCA,2.7,"['37-39', '58-60', '118-120', '175-177', '182-184', '195-197']"
2.7,"['37-39', '58-60', '118-120', '175-177', '182-184', '195-197']",TTT
"['37-39', '58-60', '118-120', '175-177', '182-184', '195-197']",TTT,2.25
TTT,2.25,"['41-43', '166-168', '191-193', '206-208', '211-213']"
2.25,"['41-43', '166-168', '191-193', '206-208', '211-213']",GTT
"['41-43', '166-168', '191-193', '206-208', '211-213']",GTT,3.15
GTT,3.15,"['44-46', '53-55', '55-57', '103-105', '107-109', '116-118', '202-204']"
3.15,"['44-46', '53-55', '55-57', '103-105', '107-109', '116-118', '202-204']",GCC
"['44-46', '53-55', '55-57', '103-105', '107-109', '116-118', '202-204']",GCC,0.9
GCC,0.9,"['45-47', '81-83']"
0.9,"['45-47', '81-83']",AGC
"['45-47', '81-83']",AGC,0.9
AGC,0.9,"['50-52', '70-72']"
0.9,"['50-52', '70-72']",AAT
"['50-52', '70-72']",AAT,1.35
AAT,1.35,"['51-53', '142-144', '155-157']"
1.35,"['51-53', '142-144', '155-157']",CAA
"['51-53', '142-144', '155-157']",CAA,1.8
CAA,1.8,"['52-54', '171-173', '180-182', '188-190']"
1.8,"['52-54', '171-173', '180-182', '188-190']",AAC
"['52-54', '171-173', '180-182', '188-190']",AAC,1.35
AAC,1.35,"['56-58', '82-84', '193-195']"
1.35,"['56-58', '82-84', '193-195']",ATA
"['56-58', '82-84', '193-195']",ATA,0.45
ATA,0.45,['60-62']
0.45,['60-62'],AAG
['60-62'],AAG,3.6
AAG,3.6,"['61-63', '132-134', '140-142', '143-145', '148-150', '149-151', '185-187', '198-200']"
3.6,"['61-63', '132-134', '140-142', '143-145', '148-150', '149-151', '185-187', '198-200']",AGG
"['61-63', '132-134', '140-142', '143-145', '148-150', '149-151', '185-187', '198-200']",AGG,0.9
AGG,0.9,"['65-67', '83-85']"
0.9,"['65-67', '83-85']",ATT
"['65-67', '83-85']",ATT,1.35
ATT,1.35,"['67-69', '163-165', '201-203']"
1.35,"['67-69', '163-165', '201-203']",TTC
"['67-69', '163-165', '201-203']",TTC,3.15
TTC,3.15,"['68-70', '108-110', '111-113', '130-132', '144-146', '161-163', '178-180']"
3.15,"['68-70', '108-110', '111-113', '130-132', '144-146', '161-163', '178-180']",CAG
"['68-70', '108-110', '111-113', '130-132', '144-146', '161-163', '178-180']",CAG,0.45
CAG,0.45,['71-73']
0.45,['71-73'],CTC
['71-73'],CTC,1.8
CTC,1.8,"['73-75', '86-88', '156-158', '184-186']"
1.8,"['73-75', '86-88', '156-158', '184-186']",GTG
"['73-75', '86-88', '156-158', '184-186']",GTG,2.25
GTG,2.25,"['75-77', '95-97', '97-99', '134-136', '151-153']"
2.25,"['75-77', '95-97', '97-99', '134-136', '151-153']",CAT
"['75-77', '95-97', '97-99', '134-136', '151-153']",CAT,0.9
CAT,0.9,"['79-81', '187-189']"
0.9,"['79-81', '187-189']",ACT
"['79-81', '187-189']",ACT,1.35
ACT,1.35,"['84-86', '96-98', '177-179']"
1.35,"['84-86', '96-98', '177-179']",GAC
"['84-86', '96-98', '177-179']",GAC,1.8
GAC,1.8,"['85-87', '128-130', '160-162', '215-217']"
1.8,"['85-87', '128-130', '160-162', '215-217']",TCG
"['85-87', '128-130', '160-162', '215-217']",TCG,0.45
TCG,0.45,['89-91']
0.45,['89-91'],GCA
['89-91'],GCA,2.25
GCA,2.25,"['100-102', '127-129', '152-154', '192-194', '208-210']"
2.25,"['100-102', '127-129', '152-154', '192-194', '208-210']",CTG
"['100-102', '127-129', '152-154', '192-194', '208-210']",CTG,0.45
CTG,0.45,['104-106']
0.45,['104-106'],GTC
['104-106'],GTC,0.45
GTC,0.45,['110-112']
0.45,['110-112'],GGC
['110-112'],GGC,0.45
GGC,0.45,['154-156']
0.45,['154-156'],GAG
['154-156'],GAG,0.9
GAG,0.9,"['167-169', '190-192']"
0.9,"['167-169', '190-192']",ACC
"['167-169', '190-192']",ACC,0.45
ACC,0.45,['169-171']
0.45,['169-171'],TCC
['169-171'],TCC,0.45
TCC,0.45,['183-185']
0.45,['183-185'],CCC
['183-185'],CCC,0.45
CCC,0.45,['210-212']
0.45,['210-212'],TGT
['210-212'],TGT,0.45
TGT,0.45,['217-219']
0.45,['217-219'],TGA
['217-219'],TGA,0.45
TGA,0.45,['221-223']
0.45,['221-223'],M
['221-223'],M,1.81
M,1.81,"['0', '35', '135', '159']"
1.81,"['0', '35', '135', '159']",A
"['0', '35', '135', '159']",A,2.71
A,2.71,"['1', '45', '72', '78', '81', '98', '100', '124', '127', '152', '172', '192', '208']"
2.71,"['1', '45', '72', '78', '81', '98', '100', '124', '127', '152', '172', '192', '208']",D
"['1', '45', '72', '78', '81', '98', '100', '124', '127', '152', '172', '192', '208']",D,4.07
D,4.07,"['2', '31', '62', '64', '85', '106', '128', '146', '160', '174', '179', '204', '215']"
4.07,"['2', '31', '62', '64', '85', '106', '128', '146', '160', '174', '179', '204', '215']",Q
"['2', '31', '62', '64', '85', '106', '128', '146', '160', '174', '179', '204', '215']",Q,2.26
Q,2.26,"['3', '16', '30', '46', '52', '71', '94', '99', '105', '121', '123', '125', '171', '180', '188']"
2.26,"['3', '16', '30', '46', '52', '71', '94', '99', '105', '121', '123', '125', '171', '180', '188']",L
"['3', '16', '30', '46', '52', '71', '94', '99', '105', '121', '123', '125', '171', '180', '188']",L,3.17
L,3.17,"['4', '6', '14', '18', '22', '25', '27', '49', '54', '57', '73', '77', '86', '87', '104', '114', '115', '117', '137', '138', '141', '145', '156', '170', '181', '184', '194', '207', '212']"
3.17,"['4', '6', '14', '18', '22', '25', '27', '49', '54', '57', '73', '77', '86', '87', '104', '114', '115', '117', '137', '138', '141', '145', '156', '170', '181', '184', '194', '207', '212']",T
"['4', '6', '14', '18', '22', '25', '27', '49', '54', '57', '73', '77', '86', '87', '104', '114', '115', '117', '137', '138', '141', '145', '156', '170', '181', '184', '194', '207', '212']",T,1.81
T,1.81,"['5', '84', '90', '96', '157', '162', '169', '177']"
1.81,"['5', '84', '90', '96', '157', '162', '169', '177']",G
"['5', '84', '90', '96', '157', '162', '169', '177']",G,2.71
G,2.71,"['7', '10', '13', '15', '26', '42', '63', '88', '102', '147', '153', '154']"
2.71,"['7', '10', '13', '15', '26', '42', '63', '88', '102', '147', '153', '154']",Y
"['7', '10', '13', '15', '26', '42', '63', '88', '102', '147', '153', '154']",Y,1.81
Y,1.81,"['8', '20', '21', '24', '29', '34', '59', '74', '76', '112', '122', '129', '158', '164', '173', '200', '220']"
1.81,"['8', '20', '21', '24', '29', '34', '59', '74', '76', '112', '122', '129', '158', '164', '173', '200', '220']",W
"['8', '20', '21', '24', '29', '34', '59', '74', '76', '112', '122', '129', '158', '164', '173', '200', '220']",W,4.07
W,4.07,"['9', '40', '66', '136', '150', '219']"
4.07,"['9', '40', '66', '136', '150', '219']",I
"['9', '40', '66', '136', '150', '219']",I,2.71
I,2.71,"['11', '60', '67', '163', '197', '201']"
2.71,"['11', '60', '67', '163', '197', '201']",R
"['11', '60', '67', '163', '197', '201']",R,0.9
R,0.9,"['12', '19', '33', '65', '83', '101', '209', '216', '218']"
0.9,"['12', '19', '33', '65', '83', '101', '209', '216', '218']",P
"['12', '19', '33', '65', '83', '101', '209', '216', '218']",P,2.71
P,2.71,"['17', '28', '37', '47', '48', '58', '91', '118', '175', '182', '195', '210', '213', '214']"
2.71,"['17', '28', '37', '47', '48', '58', '91', '118', '175', '182', '195', '210', '213', '214']",E
"['17', '28', '37', '47', '48', '58', '91', '118', '175', '182', '195', '210', '213', '214']",E,1.36
E,1.36,"['23', '38', '39', '43', '69', '92', '93', '119', '120', '133', '139', '165', '167', '168', '176', '189', '190', '199']"
1.36,"['23', '38', '39', '43', '69', '92', '93', '119', '120', '133', '139', '165', '167', '168', '176', '189', '190', '199']",K
"['23', '38', '39', '43', '69', '92', '93', '119', '120', '133', '139', '165', '167', '168', '176', '189', '190', '199']",K,1.81
K,1.81,"['32', '61', '80', '109', '126', '131', '132', '140', '143', '148', '149', '185', '186', '196', '198', '205']"
1.81,"['32', '61', '80', '109', '126', '131', '132', '140', '143', '148', '149', '185', '186', '196', '198', '205']",S
"['32', '61', '80', '109', '126', '131', '132', '140', '143', '148', '149', '185', '186', '196', '198', '205']",S,1.81
S,1.81,"['36', '50', '70', '89', '113', '183', '203']"
1.81,"['36', '50', '70', '89', '113', '183', '203']",F
"['36', '50', '70', '89', '113', '183', '203']",F,2.26
F,2.26,"['41', '68', '108', '111', '130', '144', '161', '166', '178', '191', '206', '211']"
2.26,"['41', '68', '108', '111', '130', '144', '161', '166', '178', '191', '206', '211']",V
"['41', '68', '108', '111', '130', '144', '161', '166', '178', '191', '206', '211']",V,3.17
V,3.17,"['44', '53', '55', '75', '95', '97', '103', '107', '110', '116', '134', '151', '202']"
3.17,"['44', '53', '55', '75', '95', '97', '103', '107', '110', '116', '134', '151', '202']",N
"['44', '53', '55', '75', '95', '97', '103', '107', '110', '116', '134', '151', '202']",N,0.45
N,0.45,"['51', '56', '82', '142', '155', '193']"
0.45,"['51', '56', '82', '142', '155', '193']",H
"['51', '56', '82', '142', '155', '193']",H,3.62
H,3.62,"['79', '187']"
3.62,"['79', '187']",C
"['79', '187']",C,3.17
C,3.17,['217']
3.17,['217'],M
['217'],M,1.81
M,1.81,"['0', '35', '135', '159']"
1.81,"['0', '35', '135', '159']",A
"['0', '35', '135', '159']",A,2.71
A,2.71,"['1', '45', '72', '78', '81', '98', '100', '124', '127', '152', '172', '192', '208']"
2.71,"['1', '45', '72', '78', '81', '98', '100', '124', '127', '152', '172', '192', '208']",D
"['1', '45', '72', '78', '81', '98', '100', '124', '127', '152', '172', '192', '208']",D,4.07
D,4.07,"['2', '31', '62', '64', '85', '106', '128', '146', '160', '174', '179', '204', '215']"
4.07,"['2', '31', '62', '64', '85', '106', '128', '146', '160', '174', '179', '204', '215']",Q
"['2', '31', '62', '64', '85', '106', '128', '146', '160', '174', '179', '204', '215']",Q,2.26
Q,2.26,"['3', '16', '30', '46', '52', '71', '94', '99', '105', '121', '123', '125', '171', '180', '188']"
2.26,"['3', '16', '30', '46', '52', '71', '94', '99', '105', '121', '123', '125', '171', '180', '188']",L
"['3', '16', '30', '46', '52', '71', '94', '99', '105', '121', '123', '125', '171', '180', '188']",L,3.17
L,3.17,"['4', '6', '14', '18', '22', '25', '27', '49', '54', '57', '73', '77', '86', '87', '104', '114', '115', '117', '137', '138', '141', '145', '156', '170', '181', '184', '194', '207', '212']"
3.17,"['4', '6', '14', '18', '22', '25', '27', '49', '54', '57', '73', '77', '86', '87', '104', '114', '115', '117', '137', '138', '141', '145', '156', '170', '181', '184', '194', '207', '212']",T
"['4', '6', '14', '18', '22', '25', '27', '49', '54', '57', '73', '77', '86', '87', '104', '114', '115', '117', '137', '138', '141', '145', '156', '170', '181', '184', '194', '207', '212']",T,1.81
T,1.81,"['5', '84', '90', '96', '157', '162', '169', '177']"
1.81,"['5', '84', '90', '96', '157', '162', '169', '177']",G
"['5', '84', '90', '96', '157', '162', '169', '177']",G,2.71
G,2.71,"['7', '10', '13', '15', '26', '42', '63', '88', '102', '147', '153', '154']"
2.71,"['7', '10', '13', '15', '26', '42', '63', '88', '102', '147', '153', '154']",Y
"['7', '10', '13', '15', '26', '42', '63', '88', '102', '147', '153', '154']",Y,1.81
Y,1.81,"['8', '20', '21', '24', '29', '34', '59', '74', '76', '112', '122', '129', '158', '164', '173', '200', '220']"
1.81,"['8', '20', '21', '24', '29', '34', '59', '74', '76', '112', '122', '129', '158', '164', '173', '200', '220']",W
"['8', '20', '21', '24', '29', '34', '59', '74', '76', '112', '122', '129', '158', '164', '173', '200', '220']",W,4.07
W,4.07,"['9', '40', '66', '136', '150', '219']"
4.07,"['9', '40', '66', '136', '150', '219']",I
"['9', '40', '66', '136', '150', '219']",I,2.71
I,2.71,"['11', '60', '67', '163', '197', '201']"
2.71,"['11', '60', '67', '163', '197', '201']",R
"['11', '60', '67', '163', '197', '201']",R,0.9
R,0.9,"['12', '19', '33', '65', '83', '101', '209', '216', '218']"
0.9,"['12', '19', '33', '65', '83', '101', '209', '216', '218']",P
"['12', '19', '33', '65', '83', '101', '209', '216', '218']",P,2.71
P,2.71,"['17', '28', '37', '47', '48', '58', '91', '118', '175', '182', '195', '210', '213', '214']"
2.71,"['17', '28', '37', '47', '48', '58', '91', '118', '175', '182', '195', '210', '213', '214']",E
"['17', '28', '37', '47', '48', '58', '91', '118', '175', '182', '195', '210', '213', '214']",E,1.36
E,1.36,"['23', '38', '39', '43', '69', '92', '93', '119', '120', '133', '139', '165', '167', '168', '176', '189', '190', '199']"
1.36,"['23', '38', '39', '43', '69', '92', '93', '119', '120', '133', '139', '165', '167', '168', '176', '189', '190', '199']",K
"['23', '38', '39', '43', '69', '92', '93', '119', '120', '133', '139', '165', '167', '168', '176', '189', '190', '199']",K,1.81
K,1.81,"['32', '61', '80', '109', '126', '131', '132', '140', '143', '148', '149', '185', '186', '196', '198', '205']"
1.81,"['32', '61', '80', '109', '126', '131', '132', '140', '143', '148', '149', '185', '186', '196', '198', '205']",S
"['32', '61', '80', '109', '126', '131', '132', '140', '143', '148', '149', '185', '186', '196', '198', '205']",S,1.81
S,1.81,"['36', '50', '70', '89', '113', '183', '203']"
1.81,"['36', '50', '70', '89', '113', '183', '203']",F
"['36', '50', '70', '89', '113', '183', '203']",F,2.26
F,2.26,"['41', '68', '108', '111', '130', '144', '161', '166', '178', '191', '206', '211']"
2.26,"['41', '68', '108', '111', '130', '144', '161', '166', '178', '191', '206', '211']",V
"['41', '68', '108', '111', '130', '144', '161', '166', '178', '191', '206', '211']",V,3.17
V,3.17,"['44', '53', '55', '75', '95', '97', '103', '107', '110', '116', '134', '151', '202']"
3.17,"['44', '53', '55', '75', '95', '97', '103', '107', '110', '116', '134', '151', '202']",N
"['44', '53', '55', '75', '95', '97', '103', '107', '110', '116', '134', '151', '202']",N,0.45
N,0.45,"['51', '56', '82', '142', '155', '193']"
0.45,"['51', '56', '82', '142', '155', '193']",H
"['51', '56', '82', '142', '155', '193']",H,3.62
H,3.62,"['79', '187']"
3.62,"['79', '187']",C
"['79', '187']",C,3.17
C,3.17,['217']
3.17,['217'],M
['217'],M,1.81
M,1.81,"['0', '35', '135', '159']"
1.81,"['0', '35', '135', '159']",A
"['0', '35', '135', '159']",A,2.71
A,2.71,"['1', '45', '72', '78', '81', '98', '100', '124', '127', '152', '172', '192', '208']"
2.71,"['1', '45', '72', '78', '81', '98', '100', '124', '127', '152', '172', '192', '208']",D
"['1', '45', '72', '78', '81', '98', '100', '124', '127', '152', '172', '192', '208']",D,4.07
D,4.07,"['2', '31', '62', '64', '85', '106', '128', '146', '160', '174', '179', '204', '215']"
4.07,"['2', '31', '62', '64', '85', '106', '128', '146', '160', '174', '179', '204', '215']",Q
"['2', '31', '62', '64', '85', '106', '128', '146', '160', '174', '179', '204', '215']",Q,2.26
Q,2.26,"['3', '16', '30', '46', '52', '71', '94', '99', '105', '121', '123', '125', '171', '180', '188']"
2.26,"['3', '16', '30', '46', '52', '71', '94', '99', '105', '121', '123', '125', '171', '180', '188']",L
"['3', '16', '30', '46', '52', '71', '94', '99', '105', '121', '123', '125', '171', '180', '188']",L,3.17
L,3.17,"['4', '6', '14', '18', '22', '25', '27', '49', '54', '57', '73', '77', '86', '87', '104', '114', '115', '117', '137', '138', '141', '145', '156', '170', '181', '184', '194', '207', '212']"
3.17,"['4', '6', '14', '18', '22', '25', '27', '49', '54', '57', '73', '77', '86', '87', '104', '114', '115', '117', '137', '138', '141', '145', '156', '170', '181', '184', '194', '207', '212']",T
"['4', '6', '14', '18', '22', '25', '27', '49', '54', '57', '73', '77', '86', '87', '104', '114', '115', '117', '137', '138', '141', '145', '156', '170', '181', '184', '194', '207', '212']",T,1.81
T,1.81,"['5', '84', '90', '96', '157', '162', '169', '177']"
1.81,"['5', '84', '90', '96', '157', '162', '169', '177']",G
"['5', '84', '90', '96', '157', '162', '169', '177']",G,2.71
G,2.71,"['7', '10', '13', '15', '26', '42', '63', '88', '102', '147', '153', '154']"
2.71,"['7', '10', '13', '15', '26', '42', '63', '88', '102', '147', '153', '154']",Y
"['7', '10', '13', '15', '26', '42', '63', '88', '102', '147', '153', '154']",Y,1.81
Y,1.81,"['8', '20', '21', '24', '29', '34', '59', '74', '76', '112', '122', '129', '158', '164', '173', '200', '220']"
1.81,"['8', '20', '21', '24', '29', '34', '59', '74', '76', '112', '122', '129', '158', '164', '173', '200', '220']",W
"['8', '20', '21', '24', '29', '34', '59', '74', '76', '112', '122', '129', '158', '164', '173', '200', '220']",W,4.07
W,4.07,"['9', '40', '66', '136', '150', '219']"
4.07,"['9', '40', '66', '136', '150', '219']",I
"['9', '40', '66', '136', '150', '219']",I,2.71
I,2.71,"['11', '60', '67', '163', '197', '201']"
2.71,"['11', '60', '67', '163', '197', '201']",R
"['11', '60', '67', '163', '197', '201']",R,0.9
R,0.9,"['12', '19', '33', '65', '83', '101', '209', '216', '218']"
0.9,"['12', '19', '33', '65', '83', '101', '209', '216', '218']",P
"['12', '19', '33', '65', '83', '101', '209', '216', '218']",P,2.71
P,2.71,"['17', '28', '37', '47', '48', '58', '91', '118', '175', '182', '195', '210', '213', '214']"
2.71,"['17', '28', '37', '47', '48', '58', '91', '118', '175', '182', '195', '210', '213', '214']",E
"['17', '28', '37', '47', '48', '58', '91', '118', '175', '182', '195', '210', '213', '214']",E,1.36
E,1.36,"['23', '38', '39', '43', '69', '92', '93', '119', '120', '133', '139', '165', '167', '168', '176', '189', '190', '199']"
1.36,"['23', '38', '39', '43', '69', '92', '93', '119', '120', '133', '139', '165', '167', '168', '176', '189', '190', '199']",K
"['23', '38', '39', '43', '69', '92', '93', '119', '120', '133', '139', '165', '167', '168', '176', '189', '190', '199']",K,1.81
K,1.81,"['32', '61', '80', '109', '126', '131', '132', '140', '143', '148', '149', '185', '186', '196', '198', '205']"
1.81,"['32', '61', '80', '109', '126', '131', '132', '140', '143', '148', '149', '185', '186', '196', '198', '205']",S
"['32', '61', '80', '109', '126', '131', '132', '140', '143', '148', '149', '185', '186', '196', '198', '205']",S,1.81
S,1.81,"['36', '50', '70', '89', '113', '183', '203']"
1.81,"['36', '50', '70', '89', '113', '183', '203']",F
"['36', '50', '70', '89', '113', '183', '203']",F,2.26
F,2.26,"['41', '68', '108', '111', '130', '144', '161', '166', '178', '191', '206', '211']"
2.26,"['41', '68', '108', '111', '130', '144', '161', '166', '178', '191', '206', '211']",V
"['41', '68', '108', '111', '130', '144', '161', '166', '178', '191', '206', '211']",V,3.17
V,3.17,"['44', '53', '55', '75', '95', '97', '103', '107', '110', '116', '134', '151', '202']"
3.17,"['44', '53', '55', '75', '95', '97', '103', '107', '110', '116', '134', '151', '202']",N
"['44', '53', '55', '75', '95', '97', '103', '107', '110', '116', '134', '151', '202']",N,0.45
N,0.45,"['51', '56', '82', '142', '155', '193']"
0.45,"['51', '56', '82', '142', '155', '193']",H
"['51', '56', '82', '142', '155', '193']",H,3.62
H,3.62,"['79', '187']"
3.62,"['79', '187']",C
"['79', '187']",C,3.17
C,3.17,['217']
3.17,['217'],M
['217'],M,1.81
M,1.81,"['0', '35', '135', '159']"
1.81,"['0', '35', '135', '159']",A
"['0', '35', '135', '159']",A,2.71
A,2.71,"['1', '45', '72', '78', '81', '98', '100', '124', '127', '152', '172', '192', '208']"
2.71,"['1', '45', '72', '78', '81', '98', '100', '124', '127', '152', '172', '192', '208']",D
"['1', '45', '72', '78', '81', '98', '100', '124', '127', '152', '172', '192', '208']",D,4.07
D,4.07,"['2', '31', '62', '64', '85', '106', '128', '146', '160', '174', '179', '204', '215']"
4.07,"['2', '31', '62', '64', '85', '106', '128', '146', '160', '174', '179', '204', '215']",Q
"['2', '31', '62', '64', '85', '106', '128', '146', '160', '174', '179', '204', '215']",Q,2.26
Q,2.26,"['3', '16', '30', '46', '52', '71', '94', '99', '105', '121', '123', '125', '171', '180', '188']"
2.26,"['3', '16', '30', '46', '52', '71', '94', '99', '105', '121', '123', '125', '171', '180', '188']",L
"['3', '16', '30', '46', '52', '71', '94', '99', '105', '121', '123', '125', '171', '180', '188']",L,3.17
L,3.17,"['4', '6', '14', '18', '22', '25', '27', '49', '54', '57', '73', '77', '86', '87', '104', '114', '115', '117', '137', '138', '141', '145', '156', '170', '181', '184', '194', '207', '212']"
3.17,"['4', '6', '14', '18', '22', '25', '27', '49', '54', '57', '73', '77', '86', '87', '104', '114', '115', '117', '137', '138', '141', '145', '156', '170', '181', '184', '194', '207', '212']",T
"['4', '6', '14', '18', '22', '25', '27', '49', '54', '57', '73', '77', '86', '87', '104', '114', '115', '117', '137', '138', '141', '145', '156', '170', '181', '184', '194', '207', '212']",T,1.81
T,1.81,"['5', '84', '90', '96', '157', '162', '169', '177']"
1.81,"['5', '84', '90', '96', '157', '162', '169', '177']",G
"['5', '84', '90', '96', '157', '162', '169', '177']",G,2.71
G,2.71,"['7', '10', '13', '15', '26', '42', '63', '88', '102', '147', '153', '154']"
2.71,"['7', '10', '13', '15', '26', '42', '63', '88', '102', '147', '153', '154']",Y
"['7', '10', '13', '15', '26', '42', '63', '88', '102', '147', '153', '154']",Y,1.81
Y,1.81,"['8', '20', '21', '24', '29', '34', '59', '74', '76', '112', '122', '129', '158', '164', '173', '200', '220']"
1.81,"['8', '20', '21', '24', '29', '34', '59', '74', '76', '112', '122', '129', '158', '164', '173', '200', '220']",W
"['8', '20', '21', '24', '29', '34', '59', '74', '76', '112', '122', '129', '158', '164', '173', '200', '220']",W,4.07
W,4.07,"['9', '40', '66', '136', '150', '219']"
4.07,"['9', '40', '66', '136', '150', '219']",I
"['9', '40', '66', '136', '150', '219']",I,2.71
I,2.71,"['11', '60', '67', '163', '197', '201']"
2.71,"['11', '60', '67', '163', '197', '201']",R
"['11', '60', '67', '163', '197', '201']",R,0.9
R,0.9,"['12', '19', '33', '65', '83', '101', '209', '216', '218']"
0.9,"['12', '19', '33', '65', '83', '101', '209', '216', '218']",P
"['12', '19', '33', '65', '83', '101', '209', '216', '218']",P,2.71
P,2.71,"['17', '28', '37', '47', '48', '58', '91', '118', '175', '182', '195', '210', '213', '214']"
2.71,"['17', '28', '37', '47', '48', '58', '91', '118', '175', '182', '195', '210', '213', '214']",E
"['17', '28', '37', '47', '48', '58', '91', '118', '175', '182', '195', '210', '213', '214']",E,1.36
E,1.36,"['23', '38', '39', '43', '69', '92', '93', '119', '120', '133', '139', '165', '167', '168', '176', '189', '190', '199']"
1.36,"['23', '38', '39', '43', '69', '92', '93', '119', '120', '133', '139', '165', '167', '168', '176', '189', '190', '199']",K
"['23', '38', '39', '43', '69', '92', '93', '119', '120', '133', '139', '165', '167', '168', '176', '189', '190', '199']",K,1.81
K,1.81,"['32', '61', '80', '109', '126', '131', '132', '140', '143', '148', '149', '185', '186', '196', '198', '205']"
1.81,"['32', '61', '80', '109', '126', '131', '132', '140', '143', '148', '149', '185', '186', '196', '198', '205']",S
"['32', '61', '80', '109', '126', '131', '132', '140', '143', '148', '149', '185', '186', '196', '198', '205']",S,1.81
S,1.81,"['36', '50', '70', '89', '113', '183', '203']"
1.81,"['36', '50', '70', '89', '113', '183', '203']",F
"['36', '50', '70', '89', '113', '183', '203']",F,2.26
F,2.26,"['41', '68', '108', '111', '130', '144', '161', '166', '178', '191', '206', '211']"
2.26,"['41', '68', '108', '111', '130', '144', '161', '166', '178', '191', '206', '211']",V
"['41', '68', '108', '111', '130', '144', '161', '166', '178', '191', '206', '211']",V,3.17
V,3.17,"['44', '53', '55', '75', '95', '97', '103', '107', '110', '116', '134', '151', '202']"
3.17,"['44', '53', '55', '75', '95', '97', '103', '107', '110', '116', '134', '151', '202']",N
"['44', '53', '55', '75', '95', '97', '103', '107', '110', '116', '134', '151', '202']",N,0.45
N,0.45,"['51', '56', '82', '142', '155', '193']"
0.45,"['51', '56', '82', '142', '155', '193']",H
"['51', '56', '82', '142', '155', '193']",H,3.62
H,3.62,"['79', '187']"
3.62,"['79', '187']",C
"['79', '187']",C,3.17
C,3.17,['217']
3.17,['217'],M
['217'],M,1.81
M,1.81,"['0', '35', '135', '159']"
1.81,"['0', '35', '135', '159']",A
"['0', '35', '135', '159']",A,2.71
A,2.71,"['1', '45', '72', '78', '81', '98', '100', '124', '127', '152', '172', '192', '208']"
2.71,"['1', '45', '72', '78', '81', '98', '100', '124', '127', '152', '172', '192', '208']",D
"['1', '45', '72', '78', '81', '98', '100', '124', '127', '152', '172', '192', '208']",D,4.07
D,4.07,"['2', '31', '62', '64', '85', '106', '128', '146', '160', '174', '179', '204', '215']"
4.07,"['2', '31', '62', '64', '85', '106', '128', '146', '160', '174', '179', '204', '215']",Q
"['2', '31', '62', '64', '85', '106', '128', '146', '160', '174', '179', '204', '215']",Q,2.26
Q,2.26,"['3', '16', '30', '46', '52', '71', '94', '99', '105', '121', '123', '125', '171', '180', '188']"
2.26,"['3', '16', '30', '46', '52', '71', '94', '99', '105', '121', '123', '125', '171', '180', '188']",L
"['3', '16', '30', '46', '52', '71', '94', '99', '105', '121', '123', '125', '171', '180', '188']",L,3.17
L,3.17,"['4', '6', '14', '18', '22', '25', '27', '49', '54', '57', '73', '77', '86', '87', '104', '114', '115', '117', '137', '138', '141', '145', '156', '170', '181', '184', '194', '207', '212']"
3.17,"['4', '6', '14', '18', '22', '25', '27', '49', '54', '57', '73', '77', '86', '87', '104', '114', '115', '117', '137', '138', '141', '145', '156', '170', '181', '184', '194', '207', '212']",T
"['4', '6', '14', '18', '22', '25', '27', '49', '54', '57', '73', '77', '86', '87', '104', '114', '115', '117', '137', '138', '141', '145', '156', '170', '181', '184', '194', '207', '212']",T,1.81
T,1.81,"['5', '84', '90', '96', '157', '162', '169', '177']"
1.81,"['5', '84', '90', '96', '157', '162', '169', '177']",G
"['5', '84', '90', '96', '157', '162', '169', '177']",G,2.71
G,2.71,"['7', '10', '13', '15', '26', '42', '63', '88', '102', '147', '153', '154']"
2.71,"['7', '10', '13', '15', '26', '42', '63', '88', '102', '147', '153', '154']",Y
"['7', '10', '13', '15', '26', '42', '63', '88', '102', '147', '153', '154']",Y,1.81
Y,1.81,"['8', '20', '21', '24', '29', '34', '59', '74', '76', '112', '122', '129', '158', '164', '173', '200', '220']"
1.81,"['8', '20', '21', '24', '29', '34', '59', '74', '76', '112', '122', '129', '158', '164', '173', '200', '220']",W
"['8', '20', '21', '24', '29', '34', '59', '74', '76', '112', '122', '129', '158', '164', '173', '200', '220']",W,4.07
W,4.07,"['9', '40', '66', '136', '150', '219']"
4.07,"['9', '40', '66', '136', '150', '219']",I
"['9', '40', '66', '136', '150', '219']",I,2.71
I,2.71,"['11', '60', '67', '163', '197', '201']"
2.71,"['11', '60', '67', '163', '197', '201']",R
"['11', '60', '67', '163', '197', '201']",R,0.9
R,0.9,"['12', '19', '33', '65', '83', '101', '209', '216', '218']"
0.9,"['12', '19', '33', '65', '83', '101', '209', '216', '218']",P
"['12', '19', '33', '65', '83', '101', '209', '216', '218']",P,2.71
P,2.71,"['17', '28', '37', '47', '48', '58', '91', '118', '175', '182', '195', '210', '213', '214']"
2.71,"['17', '28', '37', '47', '48', '58', '91', '118', '175', '182', '195', '210', '213', '214']",E
"['17', '28', '37', '47', '48', '58', '91', '118', '175', '182', '195', '210', '213', '214']",E,1.36
E,1.36,"['23', '38', '39', '43', '69', '92', '93', '119', '120', '133', '139', '165', '167', '168', '176', '189', '190', '199']"
1.36,"['23', '38', '39', '43', '69', '92', '93', '119', '120', '133', '139', '165', '167', '168', '176', '189', '190', '199']",K
"['23', '38', '39', '43', '69', '92', '93', '119', '120', '133', '139', '165', '167', '168', '176', '189', '190', '199']",K,1.81
K,1.81,"['32', '61', '80', '109', '126', '131', '132', '140', '143', '148', '149', '185', '186', '196', '198', '205']"
1.81,"['32', '61', '80', '109', '126', '131', '132', '140', '143', '148', '149', '185', '186', '196', '198', '205']",S
"['32', '61', '80', '109', '126', '131', '132', '140', '143', '148', '149', '185', '186', '196', '198', '205']",S,1.81
S,1.81,"['36', '50', '70', '89', '113', '183', '203']"
1.81,"['36', '50', '70', '89', '113', '183', '203']",F
"['36', '50', '70', '89', '113', '183', '203']",F,2.26
F,2.26,"['41', '68', '108', '111', '130', '144', '161', '166', '178', '191', '206', '211']"
2.26,"['41', '68', '108', '111', '130', '144', '161', '166', '178', '191', '206', '211']",V
"['41', '68', '108', '111', '130', '144', '161', '166', '178', '191', '206', '211']",V,3.17
V,3.17,"['44', '53', '55', '75', '95', '97', '103', '107', '110', '116', '134', '151', '202']"
3.17,"['44', '53', '55', '75', '95', '97', '103', '107', '110', '116', '134', '151', '202']",N
"['44', '53', '55', '75', '95', '97', '103', '107', '110', '116', '134', '151', '202']",N,0.45
N,0.45,"['51', '56', '82', '142', '155', '193']"
0.45,"['51', '56', '82', '142', '155', '193']",H
"['51', '56', '82', '142', '155', '193']",H,3.62
H,3.62,"['79', '187']"
3.62,"['79', '187']",C
"['79', '187']",C,3.17
C,3.17,['217']
